{"pitch": [-2.0406091432743647, 19.41081746505271, 127.36808107420714, 33.830002733258475], "energy": [-1.1126607656478882, 6.128951072692871, 13.713540600129493, 12.324998365337544]}