{"pitch": [-1.541614171232018, 15.549369727211163, 124.03010051844885, 42.89087269186363], "energy": [-1.2046173810958862, 8.64474868774414, 31.405223764675068, 25.945727977290495]}